vendor_id,vendor_name,region,vendor_category,total_pos,total_spend_inr,otd_pct,avg_lead_time_days,avg_fill_rate_pct,avg_price_variance_pct,inspected_pos,inspection_coverage_pct,defect_rate_pct
V019,Narmada Traders,South,Packaging,31,4231221.56,74.19,8.74,97.18,2.87,14,45.16,1.59
V003,Krishna Traders,South,Packaging,38,9703829.069999997,73.68,8.05,97.36,1.84,20,52.63,1.38
V013,Deccan Distributors,East,Logistics,71,114133557.16000006,71.43,3.4,96.83,2.44,46,64.79,1.63
V008,Aditya Corp,West,Logistics,109,314197786.59999996,70.75,3.87,96.87,1.23,65,59.63,1.88
V012,Kolkata Rawmet,West,Packaging,130,15322544.899999997,66.92,8.69,96.5,2.3,77,59.23,1.78
V001,Bharat Packaging Co,North,Packaging,128,26227786.74,66.14,8.61,96.68,1.89,79,61.72,2.53
V011,Chennai Freight Ltd,East,Packaging,62,3597064.49,66.13,8.18,97.14,2.42,36,58.06,5.03
V020,Kaveri Movers,East,MRO,96,49949521.54,65.63,7.1,95.83,2.83,59,61.46,2.27
V017,Godavari Supplies,North,Packaging,88,12904733.65,63.64,8.34,96.41,2.68,47,53.41,5.16
V004,Meghna Supplies,North,MRO,120,11022753.289999997,63.33,7.26,96.01,2.22,77,64.17,2.38
V016,Konark Cargo,East,Raw Materials,48,37169098.669999994,62.5,12.19,95.91,3.21,27,56.25,2.29
V009,Sagar Packworks,South,MRO,24,1439016.9699999997,62.5,7.63,96.83,2.41,14,58.33,2.01
V015,Nilgiri Metals,North,Logistics,98,273782776.56000006,61.86,4.05,96.3,2.02,60,61.22,1.87
V006,Ravi Raw Materials,South,Packaging,84,8592717.76,61.73,8.15,96.0,1.84,52,61.9,1.72
V007,Vikram Enterprises,South,MRO,57,4323819.51,58.93,6.55,96.3,2.73,34,59.65,2.1
V018,Yamuna Packaging,South,Logistics,56,192809096.44,57.14,3.95,96.78,2.31,35,62.5,1.82
V005,Sundar Logistics,North,Packaging,87,7923267.680000002,52.33,9.05,96.94,1.46,57,65.52,6.14
V014,Ashoka Papers,West,Packaging,17,581464.13,29.41,11.18,97.35,3.58,12,70.59,1.29
V010,Himalaya Mro,East,Raw Materials,28,10618532.109999998,25.0,15.75,98.11,1.23,12,42.86,2.16
V002,Ganga Industries,East,Raw Materials,28,10436334.61,21.43,17.04,97.23,1.11,17,60.71,2.35
