vendor_id,vendor_name,month,po_count,otd_pct,defect_rate_pct
V001,Bharat Packaging Co,2025-01-01,14,71.43,2.43
V001,Bharat Packaging Co,2025-02-01,9,33.33,2.21
V001,Bharat Packaging Co,2025-03-01,20,80.0,2.45
V001,Bharat Packaging Co,2025-04-01,20,50.0,2.51
V001,Bharat Packaging Co,2025-05-01,12,83.33,0.94
V001,Bharat Packaging Co,2025-06-01,17,70.59,2.89
V001,Bharat Packaging Co,2025-07-01,10,55.56,3.92
V001,Bharat Packaging Co,2025-08-01,11,81.82,0.65
V001,Bharat Packaging Co,2025-09-01,15,60.0,3.15
V002,Ganga Industries,2025-01-01,5,20.0,3.77
V002,Ganga Industries,2025-02-01,4,50.0,3.45
V002,Ganga Industries,2025-03-01,3,0.0,0.84
V002,Ganga Industries,2025-04-01,4,0.0,1.05
V002,Ganga Industries,2025-05-01,1,100.0,4.55
V002,Ganga Industries,2025-06-01,2,50.0,3.31
V002,Ganga Industries,2025-08-01,4,0.0,3.08
V002,Ganga Industries,2025-09-01,5,20.0,3.5
V003,Krishna Traders,2025-01-01,3,66.67,3.25
V003,Krishna Traders,2025-02-01,5,80.0,1.19
V003,Krishna Traders,2025-03-01,2,50.0,0.0
V003,Krishna Traders,2025-04-01,8,87.5,3.39
V003,Krishna Traders,2025-05-01,5,100.0,0.0
V003,Krishna Traders,2025-06-01,4,50.0,0.53
V003,Krishna Traders,2025-07-01,1,0.0,2.7
V003,Krishna Traders,2025-08-01,7,57.14,0.21
V003,Krishna Traders,2025-09-01,3,100.0,1.94
V004,Meghna Supplies,2025-01-01,16,50.0,2.35
V004,Meghna Supplies,2025-02-01,14,50.0,1.32
V004,Meghna Supplies,2025-03-01,14,57.14,1.0
V004,Meghna Supplies,2025-04-01,15,66.67,2.23
V004,Meghna Supplies,2025-05-01,12,58.33,2.59
V004,Meghna Supplies,2025-06-01,12,66.67,2.49
V004,Meghna Supplies,2025-07-01,3,100.0,0.0
V004,Meghna Supplies,2025-08-01,14,78.57,2.31
V004,Meghna Supplies,2025-09-01,20,70.0,2.96
V005,Sundar Logistics,2025-01-01,9,55.56,1.32
V005,Sundar Logistics,2025-02-01,9,55.56,2.49
V005,Sundar Logistics,2025-03-01,10,33.33,2.4
V005,Sundar Logistics,2025-04-01,11,81.82,1.81
V005,Sundar Logistics,2025-05-01,12,41.67,10.82
V005,Sundar Logistics,2025-06-01,5,60.0,10.38
V005,Sundar Logistics,2025-07-01,9,22.22,11.21
V005,Sundar Logistics,2025-08-01,13,69.23,10.48
V005,Sundar Logistics,2025-09-01,9,44.44,8.75
V006,Ravi Raw Materials,2025-01-01,12,41.67,1.15
V006,Ravi Raw Materials,2025-02-01,6,100.0,1.64
V006,Ravi Raw Materials,2025-03-01,18,83.33,1.85
V006,Ravi Raw Materials,2025-04-01,10,44.44,2.47
V006,Ravi Raw Materials,2025-05-01,11,54.55,1.73
V006,Ravi Raw Materials,2025-06-01,6,66.67,1.56
V006,Ravi Raw Materials,2025-07-01,3,50.0,0.0
V006,Ravi Raw Materials,2025-08-01,12,41.67,0.74
V006,Ravi Raw Materials,2025-09-01,6,80.0,2.49
V007,Vikram Enterprises,2025-01-01,8,62.5,1.95
V007,Vikram Enterprises,2025-02-01,10,40.0,3.11
V007,Vikram Enterprises,2025-03-01,4,50.0,2.17
V007,Vikram Enterprises,2025-04-01,5,60.0,0.45
V007,Vikram Enterprises,2025-05-01,6,83.33,3.57
V007,Vikram Enterprises,2025-06-01,6,66.67,1.96
V007,Vikram Enterprises,2025-07-01,5,40.0,1.02
V007,Vikram Enterprises,2025-08-01,7,71.43,0.46
V007,Vikram Enterprises,2025-09-01,6,60.0,0.0
V008,Aditya Corp,2025-01-01,10,66.67,3.1
V008,Aditya Corp,2025-02-01,16,62.5,3.16
V008,Aditya Corp,2025-03-01,15,86.67,1.4
V008,Aditya Corp,2025-04-01,8,42.86,2.9
V008,Aditya Corp,2025-05-01,13,84.62,0.75
V008,Aditya Corp,2025-06-01,13,69.23,1.26
V008,Aditya Corp,2025-07-01,10,70.0,1.49
V008,Aditya Corp,2025-08-01,15,64.29,1.68
V008,Aditya Corp,2025-09-01,9,77.78,1.32
V009,Sagar Packworks,2025-01-01,4,75.0,0.99
V009,Sagar Packworks,2025-02-01,2,50.0,2.08
V009,Sagar Packworks,2025-03-01,2,100.0,0.0
V009,Sagar Packworks,2025-04-01,2,100.0,0.0
V009,Sagar Packworks,2025-05-01,4,75.0,2.36
V009,Sagar Packworks,2025-06-01,3,0.0,0.0
V009,Sagar Packworks,2025-07-01,1,100.0,
V009,Sagar Packworks,2025-08-01,3,33.33,2.7
V009,Sagar Packworks,2025-09-01,3,66.67,4.35
V010,Himalaya Mro,2025-01-01,1,0.0,
V010,Himalaya Mro,2025-02-01,6,0.0,2.74
V010,Himalaya Mro,2025-03-01,4,25.0,0.0
V010,Himalaya Mro,2025-04-01,5,40.0,2.08
V010,Himalaya Mro,2025-05-01,2,0.0,0.0
V010,Himalaya Mro,2025-06-01,3,0.0,0.0
V010,Himalaya Mro,2025-07-01,1,100.0,0.0
V010,Himalaya Mro,2025-08-01,4,75.0,
V010,Himalaya Mro,2025-09-01,2,0.0,
V011,Chennai Freight Ltd,2025-01-01,7,42.86,3.74
V011,Chennai Freight Ltd,2025-02-01,7,71.43,6.28
V011,Chennai Freight Ltd,2025-03-01,9,77.78,5.66
V011,Chennai Freight Ltd,2025-04-01,6,83.33,5.75
V011,Chennai Freight Ltd,2025-05-01,9,55.56,4.19
V011,Chennai Freight Ltd,2025-06-01,2,50.0,
V011,Chennai Freight Ltd,2025-07-01,3,0.0,5.66
V011,Chennai Freight Ltd,2025-08-01,8,87.5,6.76
V011,Chennai Freight Ltd,2025-09-01,11,72.73,5.81
V012,Kolkata Rawmet,2025-01-01,20,85.0,1.54
V012,Kolkata Rawmet,2025-02-01,17,47.06,2.34
V012,Kolkata Rawmet,2025-03-01,18,88.89,1.01
V012,Kolkata Rawmet,2025-04-01,18,66.67,1.77
V012,Kolkata Rawmet,2025-05-01,16,68.75,2.25
V012,Kolkata Rawmet,2025-06-01,9,22.22,3.39
V012,Kolkata Rawmet,2025-07-01,6,50.0,2.79
V012,Kolkata Rawmet,2025-08-01,10,80.0,1.56
V012,Kolkata Rawmet,2025-09-01,16,62.5,1.27
V013,Deccan Distributors,2025-01-01,7,85.71,1.95
V013,Deccan Distributors,2025-02-01,6,33.33,1.4
V013,Deccan Distributors,2025-03-01,10,60.0,1.71
V013,Deccan Distributors,2025-04-01,9,77.78,0.58
V013,Deccan Distributors,2025-05-01,11,81.82,1.31
V013,Deccan Distributors,2025-06-01,14,69.23,1.6
V013,Deccan Distributors,2025-07-01,2,100.0,2.7
V013,Deccan Distributors,2025-08-01,4,100.0,4.88
V013,Deccan Distributors,2025-09-01,8,62.5,2.43
V014,Ashoka Papers,2025-01-01,1,100.0,
V014,Ashoka Papers,2025-02-01,2,0.0,0.0
V014,Ashoka Papers,2025-03-01,1,0.0,
V014,Ashoka Papers,2025-04-01,3,0.0,0.41
V014,Ashoka Papers,2025-05-01,4,25.0,2.27
V014,Ashoka Papers,2025-06-01,3,33.33,2.5
V014,Ashoka Papers,2025-07-01,1,100.0,0.0
V014,Ashoka Papers,2025-08-01,2,50.0,0.0
V015,Nilgiri Metals,2025-01-01,15,73.33,1.89
V015,Nilgiri Metals,2025-02-01,9,55.56,2.46
V015,Nilgiri Metals,2025-03-01,10,33.33,0.33
V015,Nilgiri Metals,2025-04-01,13,69.23,1.65
V015,Nilgiri Metals,2025-05-01,11,72.73,3.72
V015,Nilgiri Metals,2025-06-01,13,69.23,2.3
V015,Nilgiri Metals,2025-07-01,5,60.0,1.33
V015,Nilgiri Metals,2025-08-01,13,38.46,2.05
V015,Nilgiri Metals,2025-09-01,9,77.78,1.66
V016,Konark Cargo,2025-01-01,9,55.56,3.64
V016,Konark Cargo,2025-02-01,6,50.0,2.44
V016,Konark Cargo,2025-03-01,4,75.0,1.69
V016,Konark Cargo,2025-04-01,3,66.67,0.0
V016,Konark Cargo,2025-05-01,6,66.67,0.58
V016,Konark Cargo,2025-06-01,4,75.0,2.93
V016,Konark Cargo,2025-07-01,2,100.0,0.21
V016,Konark Cargo,2025-08-01,7,42.86,2.81
V016,Konark Cargo,2025-09-01,7,71.43,2.48
V017,Godavari Supplies,2025-01-01,12,66.67,3.36
V017,Godavari Supplies,2025-02-01,12,66.67,6.38
V017,Godavari Supplies,2025-03-01,9,33.33,3.53
V017,Godavari Supplies,2025-04-01,12,58.33,5.39
V017,Godavari Supplies,2025-05-01,13,76.92,5.92
V017,Godavari Supplies,2025-06-01,11,63.64,5.82
V017,Godavari Supplies,2025-07-01,4,25.0,5.12
V017,Godavari Supplies,2025-08-01,9,66.67,4.11
V017,Godavari Supplies,2025-09-01,6,100.0,5.0
V018,Yamuna Packaging,2025-01-01,9,55.56,2.19
V018,Yamuna Packaging,2025-02-01,6,33.33,2.88
V018,Yamuna Packaging,2025-03-01,6,83.33,2.27
V018,Yamuna Packaging,2025-04-01,14,57.14,1.29
V018,Yamuna Packaging,2025-05-01,4,50.0,2.43
V018,Yamuna Packaging,2025-06-01,4,50.0,0.79
V018,Yamuna Packaging,2025-07-01,6,83.33,1.12
V018,Yamuna Packaging,2025-08-01,4,25.0,2.1
V018,Yamuna Packaging,2025-09-01,3,66.67,0.0
V019,Narmada Traders,2025-01-01,1,100.0,0.0
V019,Narmada Traders,2025-02-01,4,50.0,
V019,Narmada Traders,2025-03-01,3,100.0,0.0
V019,Narmada Traders,2025-04-01,1,100.0,0.0
V019,Narmada Traders,2025-05-01,7,71.43,3.22
V019,Narmada Traders,2025-06-01,5,60.0,0.87
V019,Narmada Traders,2025-07-01,4,100.0,0.79
V019,Narmada Traders,2025-08-01,3,66.67,
V019,Narmada Traders,2025-09-01,3,66.67,1.25
V020,Kaveri Movers,2025-01-01,19,57.89,2.84
V020,Kaveri Movers,2025-02-01,7,71.43,1.89
V020,Kaveri Movers,2025-03-01,17,70.59,2.22
V020,Kaveri Movers,2025-04-01,11,72.73,1.72
V020,Kaveri Movers,2025-05-01,7,85.71,2.55
V020,Kaveri Movers,2025-06-01,11,63.64,2.21
V020,Kaveri Movers,2025-07-01,4,50.0,2.41
V020,Kaveri Movers,2025-08-01,7,57.14,2.01
V020,Kaveri Movers,2025-09-01,13,61.54,3.01
