vendor_id,vendor_name,on_time,slightly_late,significantly_late,unknown,total_pos,otd_pct
V019,Narmada Traders,23,8,0,0,31,74.19
V003,Krishna Traders,28,10,0,0,38,73.68
V013,Deccan Distributors,50,20,0,1,71,71.43
V008,Aditya Corp,75,31,0,3,109,70.75
V012,Kolkata Rawmet,87,40,3,0,130,66.92
V001,Bharat Packaging Co,84,42,1,1,128,66.14
V011,Chennai Freight Ltd,41,21,0,0,62,66.13
V020,Kaveri Movers,63,33,0,0,96,65.63
V017,Godavari Supplies,56,32,0,0,88,63.64
V004,Meghna Supplies,76,44,0,0,120,63.33
V009,Sagar Packworks,15,9,0,0,24,62.5
V016,Konark Cargo,30,17,1,0,48,62.5
V015,Nilgiri Metals,60,37,0,1,98,61.86
V006,Ravi Raw Materials,50,30,1,3,84,61.73
V007,Vikram Enterprises,33,23,0,1,57,58.93
V018,Yamuna Packaging,32,23,1,0,56,57.14
V005,Sundar Logistics,45,41,0,1,87,52.33
V014,Ashoka Papers,5,5,7,0,17,29.41
V010,Himalaya Mro,7,15,6,0,28,25.0
V002,Ganga Industries,6,5,17,0,28,21.43
