vendor_id,vendor_name,pre_n,post_n,pre_defect_pct,post_defect_pct,delta_pct
V005,Sundar Logistics,26,31,1.94,10.32,8.38
V002,Ganga Industries,8,9,1.28,3.37,2.1
V019,Narmada Traders,4,10,0.0,1.78,1.78
V014,Ashoka Papers,4,8,0.38,2.14,1.75
V004,Meghna Supplies,34,43,1.62,2.68,1.06
V009,Sagar Packworks,6,8,1.68,2.59,0.9
V013,Deccan Distributors,21,25,1.39,1.88,0.49
V015,Nilgiri Metals,27,33,1.66,2.13,0.47
V017,Godavari Supplies,21,26,4.94,5.35,0.4
V012,Kolkata Rawmet,41,36,1.65,1.98,0.33
V001,Bharat Packaging Co,43,36,2.44,2.66,0.23
V020,Kaveri Movers,33,26,2.21,2.33,0.12
V018,Yamuna Packaging,23,12,1.83,1.81,-0.02
V006,Ravi Raw Materials,28,24,1.85,1.6,-0.25
V011,Chennai Freight Ltd,17,19,5.16,4.81,-0.35
V007,Vikram Enterprises,17,17,2.38,1.29,-1.09
V016,Konark Cargo,13,14,3.11,1.97,-1.15
V008,Aditya Corp,29,36,2.6,1.38,-1.22
V003,Krishna Traders,10,10,2.92,0.7,-2.22
V010,Himalaya Mro,8,4,2.6,0.0,-2.6
