vendor_id,vendor_name,vendor_category,total_spend_inr,avg_price_variance_pct,price_impact_inr
V014,Ashoka Papers,Packaging,581464.13,3.58,24724.13
V016,Konark Cargo,Raw Materials,37169098.67,3.21,764058.67
V019,Narmada Traders,Packaging,4231221.56,2.87,189766.56
V020,Kaveri Movers,MRO,49949521.54,2.83,1571301.54
V007,Vikram Enterprises,MRO,4323819.51,2.73,137362.55
V017,Godavari Supplies,Packaging,12904733.65,2.68,273328.65
V013,Deccan Distributors,Logistics,114133557.16,2.44,4136287.16
V011,Chennai Freight Ltd,Packaging,3597064.49,2.42,-6920.51
V009,Sagar Packworks,MRO,1439016.97,2.41,35876.97
V018,Yamuna Packaging,Logistics,192809096.44,2.31,811966.44
V012,Kolkata Rawmet,Packaging,15322544.9,2.3,841636.37
V004,Meghna Supplies,MRO,11022753.29,2.22,188794.21
V015,Nilgiri Metals,Logistics,273782776.56,2.02,7162076.56
V001,Bharat Packaging Co,Packaging,26227786.74,1.89,594036.74
V006,Ravi Raw Materials,Packaging,8592717.76,1.84,137022.76
V003,Krishna Traders,Packaging,9703829.07,1.84,333801.77
V005,Sundar Logistics,Packaging,7923267.68,1.46,-330402.32
V008,Aditya Corp,Logistics,314197786.6,1.23,-966813.4
V010,Himalaya Mro,Raw Materials,10618532.11,1.23,421152.11
V002,Ganga Industries,Raw Materials,10436334.61,1.11,85394.61
