vendor_id,month,otd_pct,prev_month_otd,mom_delta
V001,2025-01-01,71.43,,
V001,2025-02-01,33.33,71.43,-38.1
V001,2025-03-01,80.0,33.33,46.67
V001,2025-04-01,50.0,80.0,-30.0
V001,2025-05-01,83.33,50.0,33.33
V001,2025-06-01,70.59,83.33,-12.75
V001,2025-07-01,55.56,70.59,-15.03
V001,2025-08-01,81.82,55.56,26.26
V001,2025-09-01,60.0,81.82,-21.82
V002,2025-01-01,20.0,,
V002,2025-02-01,50.0,20.0,30.0
V002,2025-03-01,0.0,50.0,-50.0
V002,2025-04-01,0.0,0.0,0.0
V002,2025-05-01,100.0,0.0,100.0
V002,2025-06-01,50.0,100.0,-50.0
V002,2025-08-01,0.0,50.0,-50.0
V002,2025-09-01,20.0,0.0,20.0
V003,2025-01-01,66.67,,
V003,2025-02-01,80.0,66.67,13.33
V003,2025-03-01,50.0,80.0,-30.0
V003,2025-04-01,87.5,50.0,37.5
V003,2025-05-01,100.0,87.5,12.5
V003,2025-06-01,50.0,100.0,-50.0
V003,2025-07-01,0.0,50.0,-50.0
V003,2025-08-01,57.14,0.0,57.14
V003,2025-09-01,100.0,57.14,42.86
V004,2025-01-01,50.0,,
V004,2025-02-01,50.0,50.0,0.0
V004,2025-03-01,57.14,50.0,7.14
V004,2025-04-01,66.67,57.14,9.52
V004,2025-05-01,58.33,66.67,-8.33
V004,2025-06-01,66.67,58.33,8.33
V004,2025-07-01,100.0,66.67,33.33
V004,2025-08-01,78.57,100.0,-21.43
V004,2025-09-01,70.0,78.57,-8.57
V005,2025-01-01,55.56,,
V005,2025-02-01,55.56,55.56,0.0
V005,2025-03-01,33.33,55.56,-22.22
V005,2025-04-01,81.82,33.33,48.48
V005,2025-05-01,41.67,81.82,-40.15
V005,2025-06-01,60.0,41.67,18.33
V005,2025-07-01,22.22,60.0,-37.78
V005,2025-08-01,69.23,22.22,47.01
V005,2025-09-01,44.44,69.23,-24.79
V006,2025-01-01,41.67,,
V006,2025-02-01,100.0,41.67,58.33
V006,2025-03-01,83.33,100.0,-16.67
V006,2025-04-01,44.44,83.33,-38.89
V006,2025-05-01,54.55,44.44,10.1
V006,2025-06-01,66.67,54.55,12.12
V006,2025-07-01,50.0,66.67,-16.67
V006,2025-08-01,41.67,50.0,-8.33
V006,2025-09-01,80.0,41.67,38.33
V007,2025-01-01,62.5,,
V007,2025-02-01,40.0,62.5,-22.5
V007,2025-03-01,50.0,40.0,10.0
V007,2025-04-01,60.0,50.0,10.0
V007,2025-05-01,83.33,60.0,23.33
V007,2025-06-01,66.67,83.33,-16.67
V007,2025-07-01,40.0,66.67,-26.67
V007,2025-08-01,71.43,40.0,31.43
V007,2025-09-01,60.0,71.43,-11.43
V008,2025-01-01,66.67,,
V008,2025-02-01,62.5,66.67,-4.17
V008,2025-03-01,86.67,62.5,24.17
V008,2025-04-01,42.86,86.67,-43.81
V008,2025-05-01,84.62,42.86,41.76
V008,2025-06-01,69.23,84.62,-15.38
V008,2025-07-01,70.0,69.23,0.77
V008,2025-08-01,64.29,70.0,-5.71
V008,2025-09-01,77.78,64.29,13.49
V009,2025-01-01,75.0,,
V009,2025-02-01,50.0,75.0,-25.0
V009,2025-03-01,100.0,50.0,50.0
V009,2025-04-01,100.0,100.0,0.0
V009,2025-05-01,75.0,100.0,-25.0
V009,2025-06-01,0.0,75.0,-75.0
V009,2025-07-01,100.0,0.0,100.0
V009,2025-08-01,33.33,100.0,-66.67
V009,2025-09-01,66.67,33.33,33.33
V010,2025-01-01,0.0,,
V010,2025-02-01,0.0,0.0,0.0
V010,2025-03-01,25.0,0.0,25.0
V010,2025-04-01,40.0,25.0,15.0
V010,2025-05-01,0.0,40.0,-40.0
V010,2025-06-01,0.0,0.0,0.0
V010,2025-07-01,100.0,0.0,100.0
V010,2025-08-01,75.0,100.0,-25.0
V010,2025-09-01,0.0,75.0,-75.0
V011,2025-01-01,42.86,,
V011,2025-02-01,71.43,42.86,28.57
V011,2025-03-01,77.78,71.43,6.35
V011,2025-04-01,83.33,77.78,5.56
V011,2025-05-01,55.56,83.33,-27.78
V011,2025-06-01,50.0,55.56,-5.56
V011,2025-07-01,0.0,50.0,-50.0
V011,2025-08-01,87.5,0.0,87.5
V011,2025-09-01,72.73,87.5,-14.77
V012,2025-01-01,85.0,,
V012,2025-02-01,47.06,85.0,-37.94
V012,2025-03-01,88.89,47.06,41.83
V012,2025-04-01,66.67,88.89,-22.22
V012,2025-05-01,68.75,66.67,2.08
V012,2025-06-01,22.22,68.75,-46.53
V012,2025-07-01,50.0,22.22,27.78
V012,2025-08-01,80.0,50.0,30.0
V012,2025-09-01,62.5,80.0,-17.5
V013,2025-01-01,85.71,,
V013,2025-02-01,33.33,85.71,-52.38
V013,2025-03-01,60.0,33.33,26.67
V013,2025-04-01,77.78,60.0,17.78
V013,2025-05-01,81.82,77.78,4.04
V013,2025-06-01,69.23,81.82,-12.59
V013,2025-07-01,100.0,69.23,30.77
V013,2025-08-01,100.0,100.0,0.0
V013,2025-09-01,62.5,100.0,-37.5
V014,2025-01-01,100.0,,
V014,2025-02-01,0.0,100.0,-100.0
V014,2025-03-01,0.0,0.0,0.0
V014,2025-04-01,0.0,0.0,0.0
V014,2025-05-01,25.0,0.0,25.0
V014,2025-06-01,33.33,25.0,8.33
V014,2025-07-01,100.0,33.33,66.67
V014,2025-08-01,50.0,100.0,-50.0
V015,2025-01-01,73.33,,
V015,2025-02-01,55.56,73.33,-17.78
V015,2025-03-01,33.33,55.56,-22.22
V015,2025-04-01,69.23,33.33,35.9
V015,2025-05-01,72.73,69.23,3.5
V015,2025-06-01,69.23,72.73,-3.5
V015,2025-07-01,60.0,69.23,-9.23
V015,2025-08-01,38.46,60.0,-21.54
V015,2025-09-01,77.78,38.46,39.32
V016,2025-01-01,55.56,,
V016,2025-02-01,50.0,55.56,-5.56
V016,2025-03-01,75.0,50.0,25.0
V016,2025-04-01,66.67,75.0,-8.33
V016,2025-05-01,66.67,66.67,0.0
V016,2025-06-01,75.0,66.67,8.33
V016,2025-07-01,100.0,75.0,25.0
V016,2025-08-01,42.86,100.0,-57.14
V016,2025-09-01,71.43,42.86,28.57
V017,2025-01-01,66.67,,
V017,2025-02-01,66.67,66.67,0.0
V017,2025-03-01,33.33,66.67,-33.33
V017,2025-04-01,58.33,33.33,25.0
V017,2025-05-01,76.92,58.33,18.59
V017,2025-06-01,63.64,76.92,-13.29
V017,2025-07-01,25.0,63.64,-38.64
V017,2025-08-01,66.67,25.0,41.67
V017,2025-09-01,100.0,66.67,33.33
V018,2025-01-01,55.56,,
V018,2025-02-01,33.33,55.56,-22.22
V018,2025-03-01,83.33,33.33,50.0
V018,2025-04-01,57.14,83.33,-26.19
V018,2025-05-01,50.0,57.14,-7.14
V018,2025-06-01,50.0,50.0,0.0
V018,2025-07-01,83.33,50.0,33.33
V018,2025-08-01,25.0,83.33,-58.33
V018,2025-09-01,66.67,25.0,41.67
V019,2025-01-01,100.0,,
V019,2025-02-01,50.0,100.0,-50.0
V019,2025-03-01,100.0,50.0,50.0
V019,2025-04-01,100.0,100.0,0.0
V019,2025-05-01,71.43,100.0,-28.57
V019,2025-06-01,60.0,71.43,-11.43
V019,2025-07-01,100.0,60.0,40.0
V019,2025-08-01,66.67,100.0,-33.33
V019,2025-09-01,66.67,66.67,0.0
V020,2025-01-01,57.89,,
V020,2025-02-01,71.43,57.89,13.53
V020,2025-03-01,70.59,71.43,-0.84
V020,2025-04-01,72.73,70.59,2.14
V020,2025-05-01,85.71,72.73,12.99
V020,2025-06-01,63.64,85.71,-22.08
V020,2025-07-01,50.0,63.64,-13.64
V020,2025-08-01,57.14,50.0,7.14
V020,2025-09-01,61.54,57.14,4.4
