inspection_id,po_number,inspection_date,inspected_quantity,defect_count,complaint_count,quality_status
QI00001,PO00666,2025-08-26,18,0.0,0,Passed
QI00002,PO00625,2025-05-22,40,0.0,0,Passed
QI00003,PO00116,2025-07-19,6,0.0,0,Passed
QI00004,PO00479,2025-08-11,48,1.0,2,Conditional
QI00005,PO00234,2025-02-04,14,0.0,0,Passed
QI00006,PO00725,2025-06-02,383,11.0,0,Conditional
QI00007,PO00209,2025-06-27,43,0.0,0,Passed
QI00008,PO00868,2025-03-29,386,0.0,0,Passed
QI00009,PO00940,2025-02-06,128,0.0,0,Passed
QI00010,PO00480,2025-06-23,146,1.0,1,Conditional
QI00011,PO00985,2025-05-03,39,0.0,0,Passed
QI00012,PO00901,2025-06-22,81,3.0,2,Conditional
QI00013,PO00779,2025-03-27,21,0.0,0,Passed
QI00014,PO00707,2025-09-11,19,1.0,1,Failed
QI00015,PO00381,2025-10-01,40,,1,Failed
QI00016,PO00368,2025-06-13,388,34.0,1,Failed
QI00017,PO00533,2025-04-21,8,0.0,0,Passed
QI00018,PO00627,2025-08-29,19,0.0,0,Passed
QI00019,PO00255,2025-06-23,7,0.0,0,Passed
QI00020,PO00079,2025-07-03,23,1.0,2,Conditional
QI00021,PO00030,2025-05-05,73,0.0,0,Passed
QI00022,PO00221,2025-03-22,23,1.0,1,Conditional
QI00023,PO00240,2025-02-20,150,2.0,2,Conditional
QI00024,PO00681,2025-03-08,374,13.0,0,Conditional
QI00025,PO00050,2025-05-01,15,1.0,1,Conditional
QI00026,PO00052,2025-08-20,13,0.0,0,Passed
QI00027,PO00045,2025-03-03,151,3.0,0,Conditional
QI00028,PO01042,2025-09-11,13,0.0,0,Passed
QI00029,PO01088,2025-05-20,85,0.0,0,Passed
QI00030,PO00429,2025-09-01,23,0.0,0,Passed
QI00031,PO00706,2025-02-05,7,1.0,1,Failed
QI00032,PO00527,2025-02-04,20,1.0,2,Conditional
QI00033,PO00858,2025-05-02,189,4.0,2,Conditional
QI00034,PO00773,2025-06-27,17,0.0,0,Passed
QI00035,PO00102,2025-03-31,20,0.0,0,Passed
QI00036,PO00423,2025-07-14,49,0.0,0,Passed
QI00037,PO00245,2025-03-26,369,1.0,2,Conditional
QI00038,PO00708,2025-09-25,47,3.0,0,Failed
QI00039,PO01396,2025-07-30,420,11.0,1,Conditional
QI00040,PO01010,2025-04-18,14,0.0,0,Passed
QI00041,PO00068,2025-04-25,34,1.0,2,Conditional
QI00042,PO01095,2025-09-24,23,1.0,2,Conditional
QI00043,PO00515,2025-04-15,196,0.0,0,Passed
QI00044,PO00863,2025-05-08,8,0.0,0,Passed
QI00045,PO00355,2025-08-17,16,2.0,1,Failed
QI00046,PO00959,2025-05-08,169,1.0,1,Conditional
QI00047,PO01049,2025-09-16,9,0.0,0,Passed
QI00048,PO00812,2025-05-21,15,0.0,0,Passed
QI00049,PO00077,2025-09-08,44,0.0,0,Passed
QI00050,PO00757,2025-07-31,18,1.0,2,Conditional
QI00051,PO00793,2025-06-20,37,1.0,2,Conditional
QI00052,PO00071,2025-07-13,17,0.0,0,Passed
QI00053,PO00580,2025-02-22,419,14.0,2,Conditional
QI00054,PO01145,2025-05-27,18,1.0,0,Failed
QI00055,PO01117,2025-03-11,17,1.0,2,Conditional
QI00056,PO00576,2025-06-29,73,0.0,0,Passed
QI00057,PO00345,2025-09-07,47,4.0,2,Failed
QI00058,PO00824,2025-08-11,423,6.0,2,Conditional
QI00059,PO00278,2025-06-01,366,10.0,0,Conditional
QI00060,PO00491,2025-06-10,20,1.0,2,Conditional
QI00061,PO00219,2025-09-23,90,1.0,1,Conditional
QI00062,PO00199,2025-06-17,41,2.0,0,Conditional
QI00063,PO00887,2025-04-27,22,0.0,0,Passed
QI00064,PO00991,2025-06-28,98,3.0,1,Conditional
QI00065,PO00465,2025-04-18,354,9.0,1,Conditional
QI00066,PO00918,2025-02-11,174,4.0,1,Conditional
QI00067,PO01135,2025-01-12,20,1.0,1,Conditional
QI00068,PO00262,2025-02-22,16,0.0,0,Passed
QI00069,PO00347,2025-07-20,51,4.0,2,Failed
QI00070,PO00937,2025-08-28,139,7.0,1,Conditional
QI00071,PO01132,2025-01-21,7,0.0,0,Passed
QI00072,PO00507,2025-01-31,181,3.0,0,Conditional
QI00073,PO00753,2025-02-06,73,4.0,0,Failed
QI00074,PO00883,2025-03-08,83,4.0,2,Failed
QI00075,PO00266,2025-10-04,159,6.0,2,Conditional
QI00076,PO00248,2025-06-26,351,10.0,1,Conditional
QI00077,PO00946,2025-04-06,93,1.0,1,Conditional
QI00078,PO00044,2025-06-17,24,1.0,1,Conditional
QI00079,PO00968,2025-08-01,7,0.0,0,Passed
QI00080,PO01241,2025-04-30,21,1.0,0,Conditional
QI00081,PO00354,2025-01-23,161,2.0,0,Conditional
QI00082,PO00984,2025-06-19,20,0.0,0,Passed
QI00083,PO00579,2025-05-05,385,3.0,1,Conditional
QI00084,PO00631,2025-05-15,17,0.0,0,Passed
QI00085,PO00620,2025-06-06,459,1.0,1,Conditional
QI00086,PO01071,2025-08-26,15,0.0,0,Passed
QI00087,PO01340,2025-01-06,18,1.0,1,Failed
QI00088,PO00260,2025-02-15,364,4.0,1,Conditional
QI00089,PO00983,2025-06-01,9,0.0,0,Passed
QI00090,PO00555,2025-07-19,457,6.0,0,Conditional
QI00091,PO00066,2025-06-29,15,0.0,0,Passed
QI00092,PO00483,2025-04-04,138,5.0,1,Conditional
QI00093,PO00948,2025-06-22,97,1.0,0,Conditional
QI00094,PO00428,2025-05-28,24,0.0,0,Passed
QI00095,PO01356,2025-01-28,135,8.0,0,Failed
QI00096,PO00865,2025-02-19,345,9.0,0,Conditional
QI00097,PO01114,2025-10-07,164,3.0,0,Conditional
QI00098,PO01156,2025-05-20,20,1.0,1,Conditional
QI00099,PO00033,2025-01-23,166,6.0,2,Conditional
QI00100,PO00942,2025-09-18,200,6.0,2,Conditional
QI00101,PO00431,2025-09-23,181,1.0,2,Conditional
QI00102,PO00169,2025-06-17,354,2.0,0,Conditional
QI00103,PO00744,2025-09-16,19,1.0,0,Failed
QI00104,PO01244,2025-05-26,85,2.0,0,Conditional
QI00105,PO00771,2025-02-06,445,13.0,2,Conditional
QI00106,PO00622,2025-08-08,156,4.0,2,Conditional
QI00107,PO00844,2025-03-18,172,5.0,2,Conditional
QI00108,PO01232,2025-02-26,19,1.0,0,Conditional
QI00109,PO00618,2025-01-14,444,21.0,2,Conditional
QI00110,PO00813,2025-02-07,154,1.0,2,Conditional
QI00111,PO00629,2025-08-19,19,1.0,0,Conditional
QI00112,PO01197,2025-06-17,16,1.0,0,Conditional
QI00113,PO01206,2025-06-02,175,12.0,1,Failed
QI00114,PO00185,2025-04-12,19,0.0,0,Passed
QI00115,PO01357,2025-01-26,206,6.0,1,Conditional
QI00116,PO01098,2025-02-28,19,1.0,0,Conditional
QI00117,PO00535,2025-05-30,19,0.0,0,Passed
QI00118,PO00164,2025-05-22,45,0.0,0,Passed
QI00119,PO00193,2025-02-14,44,0.0,0,Passed
QI00120,PO00371,2025-06-13,48,5.0,1,Failed
QI00121,PO00987,2025-09-29,16,1.0,1,Conditional
QI00122,PO01219,2025-01-31,38,1.0,2,Conditional
QI00123,PO00597,2025-06-24,393,10.0,2,Conditional
QI00124,PO00472,2025-01-26,163,2.0,1,Conditional
QI00125,PO00241,2025-10-03,41,2.0,2,Conditional
QI00126,PO00276,2025-05-09,156,5.0,2,Conditional
QI00127,PO00064,2025-03-30,187,7.0,0,Conditional
QI00128,PO00304,2025-06-15,151,3.0,0,Conditional
QI00129,PO00272,2025-09-13,393,9.0,0,Conditional
QI00130,PO01129,2025-01-13,15,0.0,0,Passed
QI00131,PO00756,2025-03-28,385,18.0,1,Conditional
QI00132,PO00788,2025-02-18,19,0.0,0,Passed
QI00133,PO00031,2025-07-05,40,0.0,0,Passed
QI00134,PO00846,2025-08-28,17,1.0,0,Conditional
QI00135,PO01162,2025-05-29,78,5.0,2,Failed
QI00136,PO00362,2025-06-11,158,22.0,2,Failed
QI00137,PO01189,2025-05-23,14,1.0,2,Failed
QI00138,PO00652,2025-03-31,8,0.0,0,Passed
QI00139,PO00600,2025-03-06,42,1.0,1,Conditional
QI00140,PO00452,2025-03-10,148,2.0,1,Conditional
QI00141,PO01373,2025-04-25,16,0.0,0,Passed
QI00142,PO00298,2025-01-09,16,0.0,0,Passed
QI00143,PO00925,2025-06-16,17,0.0,0,Passed
QI00144,PO00738,2025-05-02,31,2.0,0,Failed
QI00145,PO01066,2025-09-22,369,2.0,2,Conditional
QI00146,PO01035,2025-09-09,7,0.0,0,Passed
QI00147,PO00290,2025-08-25,376,11.0,1,Conditional
QI00148,PO01225,2025-08-09,506,5.0,0,Conditional
QI00149,PO00553,2025-01-13,15,0.0,0,Passed
QI00150,PO00819,2025-08-29,36,1.0,0,Conditional
QI00151,PO01171,2025-09-25,159,8.0,2,Conditional
QI00152,PO01282,2025-10-05,399,5.0,1,Conditional
QI00153,PO01005,2025-06-29,168,5.0,2,Conditional
QI00154,PO00554,2025-03-01,19,0.0,0,Passed
QI00155,PO00571,2025-09-25,21,0.0,0,Passed
QI00156,PO01133,2025-08-19,25,1.0,2,Conditional
QI00157,PO01006,2025-06-02,47,2.0,1,Conditional
QI00158,PO01375,2025-08-31,333,8.0,1,Conditional
QI00159,PO00615,2025-02-11,37,1.0,1,Conditional
QI00160,PO01376,2025-08-28,422,7.0,1,Conditional
QI00161,PO00529,2025-02-12,8,0.0,0,Passed
QI00162,PO00850,2025-04-27,458,9.0,0,Conditional
QI00163,PO00967,2025-05-17,13,0.0,0,Passed
QI00164,PO00359,2025-01-11,19,1.0,0,Conditional
QI00165,PO01097,2025-06-15,179,3.0,0,Conditional
QI00166,PO00323,2025-09-22,343,28.0,2,Failed
QI00167,PO00059,2025-05-23,18,0.0,0,Passed
QI00168,PO00595,2025-01-12,396,6.0,2,Conditional
QI00169,PO00671,2025-08-14,86,3.0,2,Conditional
QI00170,PO00644,2025-08-13,9,0.0,0,Passed
QI00171,PO00024,2025-03-15,98,2.0,1,Conditional
QI00172,PO00108,2025-05-06,97,3.0,1,Conditional
QI00173,PO01334,2025-02-26,24,0.0,0,Passed
QI00174,PO00705,2025-07-26,16,1.0,1,Conditional
QI00175,PO00482,2025-05-09,19,0.0,0,Passed
QI00176,PO00635,2025-04-06,6,0.0,0,Passed
QI00177,PO00310,2025-10-01,44,1.0,0,Conditional
QI00178,PO01062,2025-06-21,33,1.0,2,Conditional
QI00179,PO01158,2025-10-01,35,2.0,2,Failed
QI00180,PO00494,2025-08-15,23,0.0,0,Passed
QI00181,PO00938,2025-08-21,7,0.0,0,Passed
QI00182,PO00820,2025-07-03,181,8.0,1,Conditional
QI00183,PO00719,2025-04-28,17,1.0,2,Conditional
QI00184,PO00845,2025-03-25,17,1.0,1,Conditional
QI00185,PO00351,2025-05-19,21,2.0,2,Failed
QI00186,PO00909,2025-03-11,24,0.0,0,Passed
QI00187,PO00905,2025-07-11,19,1.0,1,Conditional
QI00188,PO00590,2025-04-22,22,0.0,0,Passed
QI00189,PO01310,2025-03-28,44,1.0,2,Conditional
QI00190,PO00082,2025-02-03,47,1.0,1,Conditional
QI00191,PO01314,2025-06-23,37,1.0,1,Conditional
QI00192,PO01094,2025-01-30,17,0.0,0,Passed
QI00193,PO01086,2025-09-28,15,1.0,0,Conditional
QI00194,PO00197,2025-04-06,15,0.0,0,Passed
QI00195,PO00414,2025-03-24,20,0.0,0,Passed
QI00196,PO00112,2025-07-22,17,0.0,0,Passed
QI00197,PO01198,2025-03-15,94,3.0,0,Conditional
QI00198,PO01277,2025-05-03,7,0.0,0,Passed
QI00199,PO00870,2025-03-25,45,1.0,0,Conditional
QI00200,PO01353,2025-09-12,16,1.0,0,Conditional
QI00201,PO01348,2025-04-01,47,2.0,1,Conditional
QI00202,PO00951,2025-05-22,77,1.0,0,Conditional
QI00203,PO00662,2025-05-12,81,3.0,2,Conditional
QI00204,PO00176,2025-05-02,139,6.0,0,Conditional
QI00205,PO00238,2025-05-29,78,3.0,0,Conditional
QI00206,PO00498,2025-06-12,6,0.0,0,Passed
QI00207,PO00893,2025-08-26,418,4.0,0,Conditional
QI00208,PO00694,2025-03-20,19,1.0,1,Conditional
QI00209,PO01240,2025-04-18,76,1.0,0,Conditional
QI00210,PO01112,2025-08-23,7,0.0,0,Passed
QI00211,PO00995,2025-07-05,33,0.0,0,Passed
QI00212,PO01142,2025-04-26,40,2.0,2,Failed
QI00213,PO00549,2025-03-04,22,1.0,0,Conditional
QI00214,PO01187,2025-06-13,45,2.0,1,Conditional
QI00215,PO01390,2025-07-25,22,0.0,0,Passed
QI00216,PO00919,2025-05-25,449,8.0,1,Conditional
QI00217,PO00807,2025-03-28,18,0.0,0,Passed
QI00218,PO00722,2025-04-20,24,1.0,1,Conditional
QI00219,PO00232,2025-06-05,151,3.0,1,Conditional
QI00220,PO01391,2025-08-18,17,1.0,0,Conditional
QI00221,PO01209,2025-06-07,17,1.0,2,Failed
QI00222,PO00737,2025-03-09,184,11.0,1,Failed
QI00223,PO00440,2025-03-22,43,1.0,0,Conditional
QI00224,PO00670,2025-04-20,86,0.0,0,Passed
QI00225,PO00679,2025-04-10,16,0.0,0,Passed
QI00226,PO01204,2025-04-18,8,0.0,0,Passed
QI00227,PO00271,2025-02-07,19,1.0,1,Conditional
QI00228,PO00372,2025-03-28,7,0.0,0,Passed
QI00229,PO01081,2025-07-12,42,1.0,0,Conditional
QI00230,PO00057,2025-04-25,18,0.0,0,Passed
QI00231,PO00717,2025-05-26,17,1.0,1,Failed
QI00232,PO00818,2025-09-15,23,0.0,0,Passed
QI00233,PO00621,2025-08-31,44,2.0,0,Conditional
QI00234,PO01293,2025-05-28,15,0.0,0,Passed
QI00235,PO00487,2025-06-22,17,0.0,0,Passed
QI00236,PO01030,2025-06-02,164,7.0,2,Conditional
QI00237,PO00803,2025-05-12,179,2.0,2,Conditional
QI00238,PO00746,2025-08-23,9,1.0,2,Failed
QI00239,PO00087,2025-07-20,9,0.0,0,Passed
QI00240,PO01191,2025-07-04,471,28.0,1,Failed
QI00241,PO00124,2025-01-15,25,1.0,2,Conditional
QI00242,PO01331,2025-08-24,75,2.0,1,Conditional
QI00243,PO00317,2025-07-01,71,8.0,0,Failed
QI00244,PO00439,2025-01-18,43,1.0,1,Conditional
QI00245,PO00311,2025-09-19,16,1.0,0,Conditional
QI00246,PO00383,2025-04-30,162,4.0,2,Conditional
QI00247,PO01050,2025-04-16,359,4.0,0,Conditional
QI00248,PO01387,2025-01-14,34,1.0,2,Conditional
QI00249,PO00772,2025-01-31,435,2.0,1,Conditional
QI00250,PO01257,2025-08-23,14,0.0,0,Passed
QI00251,PO00366,2025-05-17,382,44.0,0,Failed
QI00252,PO00591,2025-06-26,20,,0,Conditional
QI00253,PO00129,2025-06-25,72,2.0,2,Conditional
QI00254,PO01079,2025-02-15,201,6.0,1,Conditional
QI00255,PO00562,2025-06-19,18,0.0,0,Passed
QI00256,PO00616,2025-02-14,174,5.0,0,Conditional
QI00257,PO00650,2025-04-26,7,0.0,0,Passed
QI00258,PO00222,2025-08-11,37,1.0,1,Conditional
QI00259,PO00114,2025-01-18,149,6.0,1,Conditional
QI00260,PO00536,2025-01-16,23,0.0,0,Passed
QI00261,PO01367,2025-04-10,487,4.0,2,Conditional
QI00262,PO00175,2025-01-09,18,1.0,1,Conditional
QI00263,PO00430,2025-04-02,72,3.0,2,Conditional
QI00264,PO00574,2025-05-04,8,0.0,0,Passed
QI00265,PO01231,2025-05-18,448,9.0,0,Conditional
QI00266,PO00895,2025-05-26,85,1.0,0,Conditional
QI00267,PO00927,2025-03-04,163,7.0,0,Conditional
QI00268,PO01174,2025-04-27,389,12.0,0,Conditional
QI00269,PO00032,2025-01-20,8,0.0,0,Passed
QI00270,PO00211,2025-03-12,7,0.0,0,Passed
QI00271,PO01372,2025-08-22,35,0.0,0,Passed
QI00272,PO01176,2025-09-27,47,2.0,2,Failed
QI00273,PO00715,2025-09-16,8,0.0,0,Passed
QI00274,PO00815,2025-07-26,92,4.0,1,Conditional
QI00275,PO00848,2025-07-05,166,5.0,1,Conditional
QI00276,PO00189,2025-04-01,7,0.0,0,Passed
QI00277,PO01092,2025-03-12,35,1.0,1,Conditional
QI00278,PO00378,2025-02-18,192,4.0,0,Conditional
QI00279,PO00352,2025-03-24,157,2.0,0,Conditional
QI00280,PO00416,2025-06-03,7,0.0,0,Passed
QI00281,PO01122,2025-03-26,38,1.0,0,Conditional
QI00282,PO00049,2025-06-14,76,3.0,0,Conditional
QI00283,PO00156,2025-05-20,22,1.0,0,Conditional
QI00284,PO00307,2025-07-15,7,0.0,0,Passed
QI00285,PO01288,2025-06-25,184,1.0,2,Conditional
QI00286,PO00463,2025-08-31,35,1.0,0,Conditional
QI00287,PO01099,2025-09-03,69,0.0,0,Passed
QI00288,PO00713,2025-03-13,19,1.0,1,Conditional
QI00289,PO01258,2025-01-07,7,0.0,0,Passed
QI00290,PO00853,2025-08-23,14,1.0,0,Failed
QI00291,PO01001,2025-01-19,48,1.0,1,Conditional
QI00292,PO01384,2025-03-30,51,2.0,0,Conditional
QI00293,PO01169,2025-03-24,36,1.0,0,Conditional
QI00294,PO00989,2025-06-11,74,0.0,0,Passed
QI00295,PO00862,2025-05-02,143,5.0,2,Conditional
QI00296,PO00721,2025-03-14,35,2.0,1,Failed
QI00297,PO01106,2025-03-27,80,1.0,0,Conditional
QI00298,PO01389,2025-03-03,14,1.0,1,Conditional
QI00299,PO01016,2025-05-25,46,1.0,1,Conditional
QI00300,PO00740,2025-01-27,68,,0,Failed
QI00301,PO00523,2025-09-24,7,0.0,0,Passed
QI00302,PO01167,2025-05-10,16,1.0,0,Failed
QI00303,PO00731,2025-01-27,85,5.0,2,Failed
QI00304,PO00244,2025-06-06,384,7.0,0,Conditional
QI00305,PO00411,2025-09-04,41,0.0,0,Passed
QI00306,PO00436,2025-03-16,175,6.0,2,Conditional
QI00307,PO00911,2025-05-23,196,1.0,2,Conditional
QI00308,PO01128,2025-05-22,15,0.0,0,Passed
QI00309,PO01330,2025-05-29,186,4.0,2,Conditional
QI00310,PO00454,2025-04-11,15,0.0,0,Passed
QI00311,PO01285,2025-05-28,75,1.0,1,Conditional
QI00312,PO00913,2025-05-18,7,0.0,0,Passed
QI00313,PO00055,2025-04-18,438,17.0,2,Conditional
QI00314,PO01067,2025-01-31,8,0.0,0,Passed
QI00315,PO00313,2025-02-04,439,12.0,2,Conditional
QI00316,PO00814,2025-03-08,43,0.0,0,Passed
QI00317,PO00110,2025-06-15,16,0.0,0,Passed
QI00318,PO00882,2025-01-20,19,0.0,0,Passed
QI00319,PO00343,2025-09-25,7,1.0,0,Failed
QI00320,PO00592,2025-03-01,434,15.0,0,Conditional
QI00321,PO01329,2025-06-12,366,11.0,1,Conditional
QI00322,PO01352,2025-04-29,18,0.0,0,Passed
QI00323,PO00297,2025-06-13,386,9.0,2,Conditional
QI00324,PO00421,2025-08-30,14,0.0,0,Passed
QI00325,PO00969,2025-02-22,8,0.0,0,Passed
QI00326,PO00619,2025-09-29,93,2.0,1,Conditional
QI00327,PO00287,2025-03-09,36,0.0,0,Passed
QI00328,PO01345,2025-03-30,90,1.0,0,Conditional
QI00329,PO01248,2025-03-07,160,3.0,1,Conditional
QI00330,PO00127,2025-10-04,42,1.0,1,Conditional
QI00331,PO00933,2025-08-21,18,1.0,0,Failed
QI00332,PO00495,2025-05-24,18,1.0,1,Conditional
QI00333,PO01082,2025-08-02,36,1.0,0,Conditional
QI00334,PO00364,2025-01-19,8,0.0,0,Passed
QI00335,PO00171,2025-02-06,49,1.0,2,Conditional
QI00336,PO00978,2025-09-02,23,0.0,0,Passed
QI00337,PO00340,2025-01-30,45,1.0,1,Conditional
QI00338,PO00395,2025-08-06,157,23.0,0,Failed
QI00339,PO00210,2025-03-21,87,3.0,0,Conditional
QI00340,PO01170,2025-05-25,7,0.0,0,Passed
QI00341,PO00141,2025-04-05,377,3.0,0,Conditional
QI00342,PO01296,2025-06-06,15,0.0,0,Passed
QI00343,PO01023,2025-06-20,45,1.0,0,Conditional
QI00344,PO00375,2025-02-28,381,14.0,2,Conditional
QI00345,PO00412,2025-03-18,8,0.0,0,Passed
QI00346,PO00200,2025-09-10,160,9.0,0,Failed
QI00347,PO01205,2025-03-02,76,5.0,1,Failed
QI00348,PO00683,2025-03-16,15,0.0,0,Passed
QI00349,PO00977,2025-08-22,7,0.0,0,Passed
QI00350,PO00839,2025-01-31,19,0.0,0,Passed
QI00351,PO00011,2025-02-01,19,1.0,2,Conditional
QI00352,PO00148,2025-01-25,8,0.0,0,Passed
QI00353,PO00462,2025-03-29,18,0.0,0,Passed
QI00354,PO00283,2025-04-09,133,3.0,1,Conditional
QI00355,PO00299,2025-09-27,16,0.0,0,Passed
QI00356,PO00544,2025-07-06,21,0.0,0,Passed
QI00357,PO00292,2025-06-19,7,0.0,0,Passed
QI00358,PO00530,2025-05-24,19,1.0,0,Conditional
QI00359,PO00944,2025-09-15,44,0.0,0,Passed
QI00360,PO01203,2025-01-25,7,0.0,0,Passed
QI00361,PO00478,2025-04-16,8,0.0,0,Passed
QI00362,PO00514,2025-08-27,22,0.0,0,Passed
QI00363,PO00332,2025-05-15,180,22.0,0,Failed
QI00364,PO01125,2025-05-07,8,0.0,0,Passed
QI00365,PO00939,2025-04-11,16,1.0,1,Conditional
QI00366,PO01221,2025-04-09,391,3.0,1,Conditional
QI00367,PO01121,2025-01-31,42,1.0,2,Conditional
QI00368,PO00136,2025-02-21,40,1.0,1,Conditional
QI00369,PO00999,2025-06-15,65,2.0,1,Conditional
QI00370,PO00875,2025-06-22,150,5.0,0,Conditional
QI00371,PO01190,2025-09-15,36,1.0,2,Conditional
QI00372,PO00583,2025-08-09,9,0.0,0,Passed
QI00373,PO01033,2025-04-03,21,1.0,1,Conditional
QI00374,PO00678,2025-03-14,90,1.0,2,Conditional
QI00375,PO00589,2025-05-27,19,1.0,1,Conditional
QI00376,PO00159,2025-08-29,15,0.0,0,Passed
QI00377,PO01213,2025-02-18,18,1.0,0,Conditional
QI00378,PO01343,2025-03-06,9,0.0,0,Passed
QI00379,PO00935,2025-06-15,8,0.0,0,Passed
QI00380,PO00639,2025-08-28,36,1.0,1,Conditional
QI00381,PO01381,2025-06-08,47,1.0,2,Conditional
QI00382,PO00433,2025-05-23,15,0.0,0,Passed
QI00383,PO00486,2025-04-11,17,1.0,2,Conditional
QI00384,PO01037,2025-04-23,21,0.0,0,Passed
QI00385,PO00696,2025-06-27,18,0.0,0,Passed
QI00386,PO00941,2025-01-24,9,0.0,0,Passed
QI00387,PO01011,2025-03-29,84,1.0,1,Conditional
QI00388,PO00840,2025-01-12,184,2.0,2,Conditional
QI00389,PO00097,2025-09-07,371,7.0,2,Conditional
QI00390,PO01393,2025-03-05,41,1.0,1,Conditional
QI00391,PO01250,2025-04-14,89,1.0,2,Conditional
QI00392,PO00760,2025-09-01,14,1.0,0,Failed
QI00393,PO00539,2025-02-14,44,0.0,0,Passed
QI00394,PO00157,2025-08-10,44,1.0,0,Conditional
QI00395,PO00550,2025-03-03,19,1.0,0,Conditional
QI00396,PO00572,2025-05-12,22,0.0,0,Passed
QI00397,PO00424,2025-02-04,42,0.0,0,Passed
QI00398,PO00763,2025-05-24,102,6.0,0,Failed
QI00399,PO00391,2025-07-22,80,9.0,0,Failed
QI00400,PO00784,2025-06-19,9,0.0,0,Passed
QI00401,PO00786,2025-04-21,190,5.0,1,Conditional
QI00402,PO01210,2025-05-01,468,26.0,2,Failed
QI00403,PO00568,2025-03-02,8,0.0,0,Passed
QI00404,PO00971,2025-06-24,185,4.0,2,Conditional
QI00405,PO01263,2025-07-13,41,0.0,0,Passed
QI00406,PO00309,2025-07-08,92,0.0,0,Passed
QI00407,PO00990,2025-05-26,9,0.0,0,Passed
QI00408,PO00561,2025-06-11,8,0.0,0,Passed
QI00409,PO01159,2025-07-29,449,23.0,1,Failed
QI00410,PO00949,2025-10-01,24,0.0,0,Passed
QI00411,PO00711,2025-02-01,41,2.0,1,Failed
QI00412,PO01027,2025-01-14,350,5.0,0,Conditional
QI00413,PO00353,2025-04-24,8,0.0,0,Passed
QI00414,PO00125,2025-02-04,70,2.0,2,Conditional
QI00415,PO00179,2025-10-02,155,3.0,1,Conditional
QI00416,PO00288,2025-03-15,81,1.0,2,Conditional
QI00417,PO01350,2025-08-16,15,,0,Passed
QI00418,PO01164,2025-05-06,345,28.0,2,Failed
QI00419,PO00295,2025-08-26,38,1.0,1,Conditional
QI00420,PO01358,2025-01-25,7,0.0,0,Passed
QI00421,PO01238,2025-01-07,7,0.0,0,Passed
QI00422,PO00994,2025-04-22,378,7.0,0,Conditional
QI00423,PO00426,2025-09-24,48,1.0,0,Conditional
QI00424,PO01196,2025-03-21,147,6.0,1,Conditional
QI00425,PO00237,2025-04-24,86,3.0,2,Conditional
QI00426,PO00089,2025-06-05,15,1.0,2,Failed
QI00427,PO00821,2025-04-29,347,4.0,1,Conditional
QI00428,PO00902,2025-02-26,35,1.0,0,Conditional
QI00429,PO01161,2025-06-28,18,1.0,1,Conditional
QI00430,PO00584,2025-08-23,347,12.0,0,Conditional
QI00431,PO01354,2025-01-12,81,0.0,0,Passed
QI00432,PO01360,2025-09-10,8,0.0,0,Passed
QI00433,PO00943,2025-03-02,73,1.0,0,Conditional
QI00434,PO01222,2025-03-25,18,,0,Conditional
QI00435,PO00778,2025-05-16,7,0.0,0,Passed
QI00436,PO00291,2025-05-12,91,2.0,1,Conditional
QI00437,PO00286,2025-01-24,16,0.0,0,Passed
QI00438,PO00742,2025-05-25,24,1.0,1,Conditional
QI00439,PO01328,2025-04-14,420,8.0,2,Conditional
QI00440,PO00528,2025-09-18,8,0.0,0,Passed
QI00441,PO00797,2025-05-17,44,0.0,0,Passed
QI00442,PO00267,2025-07-02,468,19.0,0,Conditional
QI00443,PO00328,2025-04-27,51,2.0,2,Conditional
QI00444,PO00349,2025-02-20,34,1.0,2,Conditional
QI00445,PO00448,2025-04-18,14,0.0,0,Passed
QI00446,PO00060,2025-02-11,46,2.0,0,Conditional
QI00447,PO00406,2025-03-24,14,0.0,0,Passed
QI00448,PO00986,2025-08-30,8,0.0,0,Passed
QI00449,PO01322,2025-03-24,16,0.0,0,Passed
QI00450,PO00827,2025-10-06,9,1.0,1,Failed
QI00451,PO00953,2025-03-25,23,0.0,0,Passed
QI00452,PO00889,2025-02-23,8,0.0,0,Passed
QI00453,PO00945,2025-07-02,18,1.0,1,Conditional
QI00454,PO00810,2025-09-25,19,0.0,0,Passed
QI00455,PO00934,2025-04-02,397,7.0,2,Conditional
QI00456,PO01024,2025-05-26,23,1.0,1,Conditional
QI00457,PO00334,2025-08-02,68,5.0,1,Failed
QI00458,PO00434,2025-03-30,50,2.0,2,Conditional
QI00459,PO00669,2025-05-15,153,3.0,1,Conditional
QI00460,PO01311,2025-01-10,79,1.0,1,Conditional
QI00461,PO01392,2025-09-11,152,5.0,2,Conditional
QI00462,PO00637,2025-09-17,186,0.0,0,Passed
QI00463,PO00766,2025-09-15,86,1.0,1,Conditional
QI00464,PO01166,2025-09-11,23,2.0,2,Failed
QI00465,PO01025,2025-04-26,47,0.0,0,Passed
QI00466,PO01300,2025-03-15,168,0.0,0,Passed
QI00467,PO00830,2025-07-16,78,1.0,0,Conditional
QI00468,PO01217,2025-05-08,180,11.0,2,Failed
QI00469,PO00399,2025-01-25,93,2.0,2,Conditional
QI00470,PO00459,2025-09-29,410,10.0,0,Conditional
QI00471,PO00888,2025-08-25,39,2.0,0,Conditional
QI00472,PO00567,2025-03-29,398,8.0,2,Conditional
QI00473,PO00329,2025-03-05,100,4.0,1,Conditional
QI00474,PO00101,2025-09-19,393,24.0,1,Failed
QI00475,PO00319,2025-09-15,20,2.0,1,Failed
QI00476,PO01370,2025-09-12,8,0.0,0,Passed
QI00477,PO00084,2025-08-12,20,1.0,0,Conditional
QI00478,PO00130,2025-03-29,456,4.0,2,Conditional
QI00479,PO00965,2025-04-19,397,2.0,0,Conditional
QI00480,PO00013,2025-08-14,20,1.0,2,Conditional
QI00481,PO00582,2025-03-12,14,1.0,1,Conditional
QI00482,PO00172,2025-02-13,23,1.0,1,Conditional
QI00483,PO01227,2025-04-25,18,1.0,1,Conditional
QI00484,PO01286,2025-08-02,8,0.0,0,Passed
QI00485,PO00261,2025-09-25,19,0.0,0,Passed
QI00486,PO00723,2025-08-03,19,1.0,2,Conditional
QI00487,PO01044,2025-03-08,19,0.0,0,Passed
QI00488,PO00728,2025-08-07,93,6.0,1,Failed
QI00489,PO01306,2025-01-13,97,2.0,2,Conditional
QI00490,PO00988,2025-03-23,24,1.0,2,Conditional
QI00491,PO00333,2025-09-20,72,10.0,1,Failed
QI00492,PO00356,2025-09-26,79,8.0,2,Failed
QI00493,PO00139,2025-05-06,95,1.0,2,Conditional
QI00494,PO00382,2025-03-28,21,1.0,2,Conditional
QI00495,PO00293,2025-09-19,441,10.0,1,Conditional
QI00496,PO01140,2025-01-21,186,6.0,0,Conditional
QI00497,PO00543,2025-08-12,389,0.0,0,Passed
QI00498,PO00142,2025-09-19,34,1.0,0,Conditional
QI00499,PO00745,2025-10-01,79,5.0,2,Failed
QI00500,PO01146,2025-04-24,22,1.0,2,Failed
QI00501,PO00603,2025-04-09,206,7.0,2,Conditional
QI00502,PO00140,2025-03-04,76,3.0,1,Conditional
QI00503,PO01229,2025-07-28,48,1.0,2,Conditional
QI00504,PO01084,2025-08-19,190,5.0,1,Conditional
QI00505,PO00225,2025-04-29,16,0.0,0,Passed
QI00506,PO00559,2025-03-31,149,2.0,1,Conditional
QI00507,PO00275,2025-04-21,21,0.0,0,Passed
QI00508,PO00324,2025-02-04,461,5.0,2,Conditional
QI00509,PO01307,2025-04-27,199,7.0,0,Conditional
QI00510,PO00410,2025-04-19,14,1.0,2,Conditional
QI00511,PO00326,2025-05-29,18,2.0,0,Failed
QI00512,PO01279,2025-05-13,413,16.0,2,Conditional
QI00513,PO00300,2025-08-15,9,0.0,0,Passed
QI00514,PO00781,2025-03-02,147,0.0,0,Passed
QI00515,PO01080,2025-02-24,9,0.0,0,Passed
QI00516,PO01302,2025-01-28,9,0.0,0,Passed
QI00517,PO01301,2025-05-24,41,1.0,0,Conditional
QI00518,PO01118,2025-08-30,445,15.0,2,Conditional
QI00519,PO01385,2025-06-28,7,0.0,0,Passed
QI00520,PO00504,2025-08-05,34,0.0,0,Passed
QI00521,PO00673,2025-07-01,14,0.0,0,Passed
QI00522,PO00004,2025-06-30,45,2.0,2,Conditional
QI00523,PO00661,2025-09-14,46,2.0,1,Conditional
QI00524,PO00468,2025-03-01,73,0.0,0,Passed
QI00525,PO00322,2025-03-28,17,1.0,1,Conditional
QI00526,PO00006,2025-05-19,14,0.0,0,Passed
QI00527,PO01031,2025-09-14,146,0.0,0,Passed
QI00528,PO00917,2025-02-10,20,0.0,0,Passed
QI00529,PO00040,2025-10-05,184,5.0,0,Conditional
QI00530,PO00243,2025-03-30,24,0.0,0,Passed
QI00531,PO00137,2025-09-02,180,6.0,2,Conditional
QI00532,PO00614,2025-03-11,358,2.0,2,Conditional
QI00533,PO01102,2025-07-08,197,8.0,0,Conditional
QI00534,PO00598,2025-01-12,24,0.0,0,Passed
QI00535,PO01147,2025-05-17,70,2.0,1,Conditional
QI00536,PO01324,2025-04-25,46,1.0,1,Conditional
QI00537,PO00931,2025-04-18,93,0.0,0,Passed
QI00538,PO01266,2025-04-06,14,0.0,0,Passed
QI00539,PO01337,2025-01-27,75,3.0,2,Conditional
QI00540,PO00377,2025-05-14,205,17.0,2,Failed
QI00541,PO00315,2025-03-11,22,1.0,1,Conditional
QI00542,PO00443,2025-06-28,6,0.0,0,Passed
QI00543,PO00320,2025-07-31,18,3.0,2,Failed
QI00544,PO00712,2025-08-25,18,1.0,0,Failed
QI00545,PO00701,2025-06-27,48,0.0,0,Passed
QI00546,PO00425,2025-01-24,7,0.0,0,Passed
QI00547,PO00789,2025-04-09,37,1.0,0,Conditional
QI00548,PO01068,2025-02-05,426,10.0,1,Conditional
QI00549,PO01143,2025-04-16,388,21.0,0,Failed
QI00550,PO00552,2025-06-13,77,2.0,2,Conditional
QI00551,PO00228,2025-01-27,6,0.0,0,Passed
QI00552,PO00630,2025-03-16,14,0.0,0,Passed
QI00553,PO00716,2025-03-15,441,28.0,0,Failed
QI00554,PO00866,2025-09-30,441,2.0,0,Conditional
QI00555,PO00611,2025-09-14,170,6.0,1,Conditional
QI00556,PO00067,2025-09-24,16,0.0,0,Passed
QI00557,PO01107,2025-08-01,435,0.0,0,Passed
QI00558,PO00874,2025-09-21,16,0.0,0,Passed
QI00559,PO00212,2025-03-31,39,1.0,0,Conditional
QI00560,PO00910,2025-03-29,152,6.0,2,Conditional
QI00561,PO00692,2025-02-23,172,4.0,2,Conditional
QI00562,PO00537,2025-03-07,432,16.0,0,Conditional
QI00563,PO00632,2025-03-04,18,0.0,0,Passed
QI00564,PO00586,2025-02-13,15,0.0,0,Passed
QI00565,PO00086,2025-07-25,401,18.0,1,Conditional
QI00566,PO01260,2025-03-16,69,1.0,2,Conditional
QI00567,PO00904,2025-09-13,196,4.0,2,Conditional
QI00568,PO00809,2025-04-18,42,0.0,0,Passed
QI00569,PO00585,2025-08-10,521,6.0,2,Conditional
QI00570,PO01261,2025-06-16,449,5.0,1,Conditional
QI00571,PO00924,2025-06-28,43,1.0,2,Conditional
QI00572,PO01309,2025-04-08,7,0.0,0,Passed
QI00573,PO00900,2025-06-27,470,9.0,1,Conditional
QI00574,PO00274,2025-04-28,132,3.0,0,Conditional
QI00575,PO01002,2025-09-16,13,,0,Passed
QI00576,PO00363,2025-03-07,174,,2,Conditional
QI00577,PO00003,2025-01-14,402,6.0,2,Conditional
QI00578,PO00007,2025-05-05,20,0.0,0,Passed
QI00579,PO00312,2025-01-11,76,1.0,2,Conditional
QI00580,PO01165,2025-03-26,9,1.0,2,Failed
QI00581,PO00829,2025-09-25,15,0.0,0,Passed
QI00582,PO01382,2025-10-02,92,3.0,2,Conditional
QI00583,PO00216,2025-04-13,8,0.0,0,Passed
QI00584,PO00606,2025-03-02,36,1.0,1,Conditional
QI00585,PO00028,2025-02-02,35,0.0,0,Passed
QI00586,PO01183,2025-09-03,139,9.0,2,Failed
QI00587,PO00765,2025-04-03,14,1.0,2,Conditional
QI00588,PO00599,2025-07-27,185,2.0,2,Conditional
QI00589,PO00665,2025-05-27,20,0.0,0,Passed
QI00590,PO00899,2025-03-24,479,0.0,0,Passed
QI00591,PO01259,2025-02-15,182,5.0,2,Conditional
QI00592,PO00257,2025-09-03,7,0.0,0,Passed
QI00593,PO00026,2025-01-31,9,0.0,0,Passed
QI00594,PO00337,2025-09-02,18,2.0,2,Failed
QI00595,PO00573,2025-01-12,23,1.0,0,Conditional
QI00596,PO00048,2025-08-23,452,2.0,1,Conditional
QI00597,PO00107,2025-08-29,36,0.0,0,Passed
QI00598,PO00350,2025-04-03,7,0.0,0,Passed
QI00599,PO00056,2025-10-03,371,9.0,2,Conditional
QI00600,PO00811,2025-09-15,34,2.0,0,Failed
QI00601,PO00214,2025-03-18,13,0.0,0,Passed
QI00602,PO00121,2025-04-12,22,,1,Conditional
QI00603,PO00768,2025-10-07,8,0.0,0,Passed
QI00604,PO00651,2025-05-19,42,0.0,0,Passed
QI00605,PO00073,2025-03-22,14,0.0,0,Passed
QI00606,PO00979,2025-04-21,74,1.0,2,Conditional
QI00607,PO01048,2025-03-19,23,0.0,0,Passed
QI00608,PO00046,2025-08-26,17,0.0,0,Passed
QI00609,PO01378,2025-03-23,6,0.0,0,Passed
QI00610,PO00524,2025-03-11,46,1.0,2,Conditional
QI00611,PO01214,2025-06-04,17,1.0,1,Failed
QI00612,PO00998,2025-09-24,449,14.0,2,Conditional
QI00613,PO00702,2025-07-24,7,0.0,0,Passed
QI00614,PO00534,2025-05-15,8,0.0,0,Passed
QI00615,PO00604,2025-03-11,7,0.0,0,Passed
QI00616,PO00466,2025-06-04,68,1.0,0,Conditional
QI00617,PO01321,2025-07-01,48,1.0,2,Conditional
QI00618,PO01199,2025-03-21,82,2.0,2,Conditional
QI00619,PO01364,2025-01-27,8,0.0,0,Passed
QI00620,PO00061,2025-07-22,9,0.0,0,Passed
QI00621,PO00093,2025-02-10,6,0.0,0,Passed
QI00622,PO00623,2025-03-07,13,0.0,0,Passed
QI00623,PO00195,2025-05-12,94,4.0,1,Conditional
QI00624,PO00281,2025-01-14,7,0.0,0,Passed
QI00625,PO00360,2025-08-21,16,2.0,2,Failed
QI00626,PO00520,2025-03-04,71,1.0,0,Conditional
QI00627,PO00885,2025-09-24,13,0.0,0,Passed
QI00628,PO00680,2025-03-07,75,1.0,2,Conditional
QI00629,PO00183,2025-01-14,179,6.0,0,Conditional
QI00630,PO00111,2025-03-12,42,1.0,2,Conditional
QI00631,PO00964,2025-05-16,17,1.0,2,Conditional
QI00632,PO00808,2025-02-24,89,3.0,1,Conditional
QI00633,PO00205,2025-03-07,88,0.0,0,Passed
QI00634,PO00856,2025-04-16,18,1.0,1,Conditional
QI00635,PO00053,2025-10-03,17,0.0,0,Passed
QI00636,PO00546,2025-06-24,72,1.0,1,Conditional
QI00637,PO01058,2025-06-26,38,2.0,0,Conditional
QI00638,PO01032,2025-08-27,421,11.0,1,Conditional
QI00639,PO00755,2025-02-13,143,9.0,2,Failed
QI00640,PO00667,2025-09-07,7,0.0,0,Passed
QI00641,PO00184,2025-02-24,17,0.0,0,Passed
QI00642,PO00138,2025-10-02,24,0.0,0,Passed
QI00643,PO00859,2025-01-26,7,0.0,0,Passed
QI00644,PO00081,2025-03-24,17,1.0,0,Conditional
QI00645,PO01138,2025-08-24,19,1.0,0,Conditional
QI00646,PO00106,2025-03-15,196,4.0,0,Conditional
QI00647,PO00542,2025-02-16,33,0.0,0,Passed
QI00648,PO00655,2025-02-22,174,3.0,2,Conditional
QI00649,PO00481,2025-08-20,22,0.0,0,Passed
QI00650,PO00166,2025-08-04,74,2.0,1,Conditional
QI00651,PO00249,2025-09-16,393,15.0,1,Conditional
QI00652,PO00308,2025-04-13,43,1.0,2,Conditional
QI00653,PO00447,2025-05-18,64,2.0,0,Conditional
QI00654,PO00800,2025-08-17,15,0.0,0,Passed
QI00655,PO00335,2025-08-24,18,2.0,2,Failed
QI00656,PO00098,2025-03-27,42,1.0,2,Conditional
QI00657,PO00782,2025-02-26,8,0.0,0,Passed
QI00658,PO00833,2025-04-30,16,1.0,0,Conditional
QI00659,PO00103,2025-06-25,38,1.0,2,Conditional
QI00660,PO00435,2025-03-28,415,3.0,0,Conditional
QI00661,PO01246,2025-05-29,167,6.0,0,Conditional
QI00662,PO01252,2025-06-17,166,0.0,0,Passed
QI00663,PO00775,2025-04-01,143,2.0,2,Conditional
QI00664,PO01270,2025-06-26,18,0.0,0,Passed
QI00665,PO00303,2025-01-26,46,1.0,0,Conditional
QI00666,PO01254,2025-04-07,177,1.0,1,Conditional
QI00667,PO01149,2025-06-02,435,26.0,0,Failed
QI00668,PO00389,2025-04-25,82,2.0,1,Conditional
QI00669,PO00236,2025-09-12,197,2.0,2,Conditional
QI00670,PO01168,2025-04-26,14,1.0,1,Failed
QI00671,PO00970,2025-03-11,8,0.0,0,Passed
QI00672,PO00306,2025-05-27,448,9.0,0,Conditional
QI00673,PO00118,2025-03-09,7,0.0,0,Passed
QI00674,PO01233,2025-09-02,482,16.0,1,Conditional
QI00675,PO00674,2025-02-03,88,1.0,0,Conditional
QI00676,PO00250,2025-02-25,422,8.0,0,Conditional
QI00677,PO01278,2025-07-09,47,1.0,0,Conditional
QI00678,PO01014,2025-02-06,17,1.0,0,Conditional
QI00679,PO00072,2025-04-26,71,1.0,1,Conditional
QI00680,PO00095,2025-09-27,84,2.0,1,Conditional
QI00681,PO00747,2025-05-17,196,11.0,0,Failed
QI00682,PO00034,2025-05-30,17,0.0,0,Passed
QI00683,PO01036,2025-03-26,458,0.0,0,Passed
QI00684,PO00449,2025-03-12,13,0.0,0,Passed
QI00685,PO00446,2025-09-26,164,8.0,2,Conditional
QI00686,PO00783,2025-03-21,48,0.0,0,Passed
QI00687,PO01074,2025-08-12,140,1.0,0,Conditional
QI00688,PO00886,2025-09-24,155,4.0,2,Conditional
QI00689,PO00926,2025-09-26,30,2.0,1,Failed
QI00690,PO00078,2025-03-17,438,5.0,2,Conditional
QI00691,PO00085,2025-02-19,19,0.0,0,Passed
QI00692,PO01056,2025-01-06,17,0.0,0,Passed
QI00693,PO00083,2025-02-26,185,4.0,0,Conditional
QI00694,PO00458,2025-05-20,84,1.0,0,Conditional
QI00695,PO00677,2025-06-04,91,0.0,0,Passed
QI00696,PO01273,2025-04-29,22,1.0,0,Conditional
QI00697,PO01008,2025-02-22,13,0.0,0,Passed
QI00698,PO00437,2025-02-24,169,5.0,0,Conditional
QI00699,PO00645,2025-09-06,18,0.0,0,Passed
QI00700,PO00799,2025-05-24,150,8.0,0,Failed
QI00701,PO01120,2025-02-21,13,0.0,0,Passed
QI00702,PO00405,2025-01-18,7,0.0,0,Passed
QI00703,PO01224,2025-09-16,8,0.0,0,Passed
QI00704,PO00825,2025-09-21,74,0.0,0,Passed
QI00705,PO00876,2025-02-12,138,4.0,0,Conditional
QI00706,PO00105,2025-01-13,7,0.0,0,Passed
QI00707,PO00610,2025-09-23,424,4.0,0,Conditional
QI00708,PO00923,2025-03-15,47,0.0,0,Passed
QI00709,PO00947,2025-03-14,158,5.0,0,Conditional
QI00710,PO01053,2025-08-22,17,0.0,0,Passed
QI00711,PO00063,2025-04-12,9,,0,Passed
QI00712,PO00282,2025-09-24,400,11.0,2,Conditional
QI00713,PO00894,2025-04-09,160,0.0,0,Passed
QI00714,PO00239,2025-05-29,165,7.0,0,Conditional
QI00715,PO00224,2025-09-15,18,0.0,0,Passed
QI00716,PO00146,2025-02-07,37,2.0,1,Failed
QI00717,PO01308,2025-03-06,356,6.0,1,Conditional
QI00718,PO00374,2025-08-24,15,2.0,0,Failed
QI00719,PO00119,2025-05-26,42,0.0,0,Passed
QI00720,PO01256,2025-02-20,7,0.0,0,Passed
QI00721,PO00251,2025-10-01,352,14.0,2,Conditional
QI00722,PO01349,2025-06-20,356,0.0,0,Passed
QI00723,PO00010,2025-03-22,163,9.0,1,Failed
QI00724,PO00450,2025-06-18,424,8.0,0,Conditional
QI00725,PO00709,2025-05-27,90,4.0,1,Conditional
QI00726,PO00256,2025-08-16,17,0.0,0,Passed
QI00727,PO00594,2025-03-28,8,0.0,0,Passed
QI00728,PO00390,2025-05-26,19,2.0,1,Failed
QI00729,PO00847,2025-07-29,9,0.0,0,Passed
QI00730,PO01126,2025-02-07,7,0.0,0,Passed
QI00731,PO00558,2025-07-28,73,3.0,0,Conditional
QI00732,PO00461,2025-02-10,63,0.0,0,Passed
QI00733,PO00724,2025-05-05,15,1.0,2,Conditional
QI00734,PO01292,2025-08-02,373,3.0,0,Conditional
QI00735,PO00145,2025-10-11,346,14.0,0,Conditional
QI00736,PO00502,2025-07-13,50,1.0,2,Conditional
QI00737,PO01034,2025-06-13,84,1.0,0,Conditional
QI00738,PO01326,2025-06-23,399,14.0,2,Conditional
QI00739,PO00732,2025-01-09,395,15.0,2,Conditional
QI00740,PO00540,2025-01-29,22,1.0,1,Conditional
QI00741,PO00178,2025-06-12,24,0.0,0,Passed
QI00742,PO01351,2025-01-10,8,0.0,0,Passed
QI00743,PO00698,2025-04-22,48,1.0,1,Conditional
QI00744,PO01395,2025-04-26,15,0.0,0,Passed
QI00745,PO00950,2025-04-22,85,0.0,0,Passed
QI00746,PO01059,2025-01-29,150,5.0,2,Conditional
QI00747,PO00794,2025-05-09,65,0.0,0,Passed
QI00748,PO01394,2025-07-10,14,0.0,0,Passed
QI00749,PO00008,2025-01-21,460,11.0,1,Conditional
QI00750,PO01290,2025-03-14,9,0.0,0,Passed
QI00751,PO00668,2025-01-09,13,0.0,0,Passed
QI00752,PO01090,2025-06-08,72,1.0,1,Conditional
QI00753,PO00358,2025-06-05,7,1.0,1,Failed
QI00754,PO00915,2025-01-11,145,3.0,0,Conditional
QI00755,PO00330,2025-01-18,47,0.0,0,Passed
QI00756,PO01397,2025-02-17,40,1.0,0,Conditional
QI00757,PO01078,2025-01-20,9,0.0,0,Passed
QI00758,PO01051,2025-08-30,33,1.0,1,Conditional
QI00759,PO00259,2025-03-25,7,0.0,0,Passed
QI00760,PO01104,2025-01-24,441,18.0,0,Conditional
QI00761,PO00373,2025-09-25,9,1.0,2,Failed
QI00762,PO01269,2025-01-28,176,4.0,0,Conditional
QI00763,PO00817,2025-01-16,7,0.0,0,Passed
QI00764,PO00143,2025-09-28,82,2.0,0,Conditional
QI00765,PO00526,2025-02-25,18,0.0,0,Passed
QI00766,PO01069,2025-06-26,19,0.0,0,Passed
QI00767,PO00890,2025-10-08,50,2.0,0,Conditional
QI00768,PO01055,2025-03-02,8,0.0,0,Passed
QI00769,PO01386,2025-05-11,69,1.0,0,Conditional
QI00770,PO00441,2025-03-09,17,0.0,0,Passed
QI00771,PO00532,2025-07-26,14,0.0,0,Passed
QI00772,PO01028,2025-04-18,208,6.0,0,Conditional
QI00773,PO00227,2025-08-25,164,2.0,1,Conditional
QI00774,PO00975,2025-06-27,15,1.0,1,Conditional
QI00775,PO00229,2025-02-25,20,0.0,0,Passed
QI00776,PO01201,2025-09-03,352,11.0,1,Conditional
QI00777,PO01218,2025-03-21,7,0.0,0,Passed
QI00778,PO00213,2025-04-21,9,0.0,0,Passed
QI00779,PO00080,2025-04-25,19,1.0,0,Conditional
QI00780,PO00149,2025-09-03,15,0.0,0,Passed
QI00781,PO01383,2025-06-29,322,7.0,2,Conditional
QI00782,PO00672,2025-02-15,403,9.0,1,Conditional
QI00783,PO01085,2025-03-09,39,0.0,0,Passed
QI00784,PO00963,2025-06-09,18,0.0,0,Passed
QI00785,PO01152,2025-04-17,14,0.0,0,Passed
QI00786,PO00134,2025-06-21,381,13.0,1,Conditional
QI00787,PO01043,2025-05-25,7,0.0,0,Passed
QI00788,PO00409,2025-05-13,65,2.0,2,Conditional
QI00789,PO01019,2025-06-30,9,0.0,0,Passed
QI00790,PO00508,2025-06-03,20,1.0,2,Conditional
QI00791,PO01253,2025-04-17,8,0.0,0,Passed
QI00792,PO00505,2025-08-23,173,1.0,2,Conditional
QI00793,PO00916,2025-04-01,20,0.0,0,Passed
QI00794,PO00348,2025-04-26,451,6.0,0,Conditional
QI00795,PO00387,2025-08-02,179,18.0,0,Failed
QI00796,PO00001,2025-05-05,25,0.0,0,Passed
QI00797,PO00361,2025-03-09,41,0.0,0,Passed
QI00798,PO01325,2025-06-01,334,10.0,2,Conditional
QI00799,PO00476,2025-09-03,495,3.0,2,Conditional
QI00800,PO01202,2025-02-03,18,1.0,0,Failed
QI00801,PO00058,2025-04-22,86,0.0,0,Passed
QI00802,PO00638,2025-06-05,67,1.0,2,Conditional
QI00803,PO01226,2025-04-24,21,0.0,0,Passed
QI00804,PO00954,2025-06-16,186,0.0,0,Passed
QI00805,PO01075,2025-03-06,180,4.0,0,Conditional
QI00806,PO00173,2025-08-15,32,0.0,0,Passed
QI00807,PO00451,2025-03-26,82,0.0,0,Passed
QI00808,PO00126,2025-08-13,15,0.0,0,Passed
QI00809,PO00907,2025-07-29,18,0.0,0,Passed
QI00810,PO00531,2025-03-13,165,7.0,2,Conditional
QI00811,PO00714,2025-08-27,14,1.0,1,Failed
QI00812,PO00091,2025-09-29,142,3.0,1,Conditional
QI00813,PO01355,2025-01-27,413,11.0,2,Conditional
QI00814,PO00182,2025-05-18,22,0.0,0,Passed
QI00815,PO00891,2025-02-09,17,0.0,0,Passed
QI00816,PO00787,2025-01-12,504,10.0,1,Conditional
QI00817,PO00415,2025-03-30,33,1.0,2,Conditional
QI00818,PO00252,2025-06-16,321,3.0,2,Conditional
QI00819,PO00070,2025-04-28,152,4.0,1,Conditional
QI00820,PO00804,2025-04-18,7,0.0,0,Passed
QI00821,PO00132,2025-02-02,8,0.0,0,Passed
QI00822,PO00301,2025-07-07,17,1.0,2,Conditional
QI00823,PO00980,2025-04-18,171,,1,Conditional
QI00824,PO00327,2025-03-10,19,1.0,1,Conditional
QI00825,PO01369,2025-04-14,19,1.0,0,Conditional
QI00826,PO01047,2025-04-22,7,0.0,0,Passed
QI00827,PO00500,2025-06-29,8,0.0,0,Passed
QI00828,PO00974,2025-05-15,22,1.0,2,Conditional
QI00829,PO00365,2025-08-27,41,3.0,2,Failed
QI00830,PO00496,2025-01-21,19,0.0,0,Passed
QI00831,PO01305,2025-09-15,156,4.0,0,Conditional
QI00832,PO00339,2025-04-20,18,0.0,0,Passed
QI00833,PO00422,2025-07-31,45,0.0,0,Passed
QI00834,PO00165,2025-08-20,382,0.0,0,Passed
QI00835,PO00029,2025-04-17,36,0.0,0,Passed
QI00836,PO00517,2025-01-30,43,1.0,1,Conditional
QI00837,PO00194,2025-04-28,19,0.0,0,Passed
QI00838,PO00860,2025-01-13,44,0.0,0,Passed
QI00839,PO01272,2025-03-24,187,6.0,0,Conditional
QI00840,PO01271,2025-04-07,94,3.0,0,Conditional
